track_name,artist(s)_name,artist_count,released_year,released_month,in_spotify_playlists,streams,bpm,mode
Seven (feat. Latto) (Explicit Ver.),"Latto, Jung Kook",2,2023,7,553,141381703,125,Major
LALA,Myke Towers,1,2023,3,1474,133716286,92,Major
vampire,Olivia Rodrigo,1,2023,6,1397,140003974,138,Major
Cruel Summer,Taylor Swift,1,2019,8,7858,800840817,170,Major
WHERE SHE GOES,Bad Bunny,1,2023,5,3133,303236322,144,Minor
Sprinter,"Dave, Central Cee",2,2023,6,2186,183706234,141,Major
Ella Baila Sola,"Eslabon Armado, Peso Pluma",2,2023,3,3090,725980112,148,Minor
Columbia,Quevedo,1,2023,7,714,58149378,100,Major
fukumean,Gunna,1,2023,5,1096,95217315,130,Minor
La Bebe - Remix,"Peso Pluma, Yng Lvcas",2,2023,3,2953,553634067,170,Minor
un x100to,"Bad Bunny, Grupo Frontera",2,2023,4,2876,505671438,83,Minor
Super Shy,NewJeans,1,2023,7,422,58255150,150,Minor
Flowers,Miley Cyrus,1,2023,1,12211,1316855716,118,Major
Daylight,David Kushner,1,2023,4,3528,387570742,130,Minor
As It Was,Harry Styles,1,2022,3,23575,2513188493,174,Minor
Kill Bill,SZA,1,2022,12,8109,1163093654,89,Major
Cupid - Twin Ver.,Fifty Fifty,1,2023,2,2942,496795686,120,Minor
"What Was I Made For? [From The Motion Picture ""Barbie""]",Billie Eilish,1,2023,7,873,30546883,78,Major
Classy 101,"Feid, Young Miko",2,2023,3,2610,335222234,100,Major
Like Crazy,Jimin,1,2023,3,596,363369738,120,Major
LADY GAGA,"Gabito Ballesteros, Junior H, Peso Pluma",3,2023,6,332,86444842,140,Minor
I Can See You (Taylorï¿½ï¿½ï¿½s Version) (From The ,Taylor Swift,1,2023,7,516,52135248,123,Major
I Wanna Be Yours,Arctic Monkeys,1,2013,1,12859,1297026226,135,Minor
"Peso Pluma: Bzrp Music Sessions, Vol. 55","Bizarrap, Peso Pluma",2,2023,5,1313,200647221,133,Minor
Popular (with Playboi Carti & Madonna) - The Idol Vol. 1 (Music from the HBO Original Series),"The Weeknd, Madonna, Playboi Carti",3,2023,6,1945,115364561,99,Major
SABOR FRESA,Fuerza Regida,1,2023,6,250,78300654,130,Minor
Calm Down (with Selena Gomez),"Rï¿½ï¿½ma, Selena G",2,2022,3,7112,899183384,107,Major
MOJABI GHOST,"Tainy, Bad Bunny",2,2023,6,859,61245289,122,Minor
Last Night,Morgan Wallen,1,2023,1,2420,429829812,204,Major
Dance The Night (From Barbie The Album),Dua Lipa,1,2023,5,2988,127408954,110,Minor
Rush,Troye Sivan,1,2023,7,864,22581161,126,Minor
TULUM,"Peso Pluma, Grupo Frontera",2,2023,6,266,52294266,168,Major
Creepin',"The Weeknd, 21 Savage, Metro Boomin",3,2022,12,6036,843957510,98,Minor
Anti-Hero,Taylor Swift,1,2022,10,9082,999748277,97,Major
TQG,"Karol G, Shakira",2,2023,2,4284,618990393,180,Minor
Los del Espacio,"Big One, Duki, Lit Killah, Maria Becerra, FMK, Rusherking, Emilia, Tiago pzk",8,2023,6,1150,123122413,120,Major
Frï¿½ï¿½gil (feat. Grupo Front,"Yahritza Y Su Esencia, Grupo Frontera",2,2023,4,672,188933502,150,Major
Blank Space,Taylor Swift,1,2014,1,11434,1355959075,96,Major
Style,Taylor Swift,1,2014,1,7830,786181836,95,Major
TQM,Fuerza Regida,1,2023,5,584,176553476,125,Minor
El Azul,"Junior H, Peso Pluma",2,2023,2,692,354495408,144,Minor
Sunflower - Spider-Man: Into the Spider-Verse,"Post Malone, Swae Lee",2,2018,10,24094,2808096550,90,Major
I'm Good (Blue),"Bebe Rexha, David Guetta",2,2022,8,12482,1109433169,128,Minor
See You Again,"Tyler, The Creator, Kali Uchis",3,2017,7,13387,1047101291,79,Major
Barbie World (with Aqua) [From Barbie The Album],"Nicki Minaj, Aqua, Ice Spice",3,2023,6,1117,65156199,144,Major
Angels Like You,Miley Cyrus,1,2020,11,3372,570515054,122,Major
I Ain't Worried,OneRepublic,1,2022,5,8431,1085685420,140,Major
Die For You,The Weeknd,1,2016,11,2483,1647990401,134,Minor
Starboy,"The Weeknd, Daft Punk",2,2016,9,29536,2565529693,186,Major
Die For You - Remix,"Ariana Grande, The Weeknd",2,2023,2,3408,518745108,67,Minor
El Cielo,"Feid, Myke Towers, Sky Rompiendo",3,2023,6,1298,107753850,106,Minor
Baby Don't Hurt Me,"David Guetta, Anne-Marie, Coi Leray",3,2023,4,4277,177740666,128,Major
AMARGURA,Karol G,1,2023,2,1133,153372011,107,Minor
(It Goes Like) Nanana - Edit,Peggy Gou,1,2023,6,2259,57876440,130,Minor
Another Love,Tom Odell,1,2012,10,18371,1813673666,123,Minor
Blinding Lights,The Weeknd,1,2019,11,43899,3703895074,171,Major
Moonlight,Kali Uchis,1,2023,2,2649,256483385,137,Minor
La Bachata,Manuel Turizo,1,2022,5,6804,1214083358,125,Minor
S91,Karol G,1,2023,7,525,16011326,128,Minor
cardigan,Taylor Swift,1,2020,7,7923,812019557,130,Minor
Tï¿½ï¿,"dennis, MC Kevin o Chris",2,2023,5,731,111947664,130,Major
Boy's a liar Pt. 2,"PinkPantheress, Ice Spice",2,2023,2,5184,156338624,133,Major
Left and Right (Feat. Jung Kook of BTS),"Charlie Puth, BTS, Jung Kook",3,2022,6,3107,720434240,101,Major
BESO,"Rauw Alejandro, ROSALï¿½",2,2023,3,4053,357925728,95,Minor
Hey Mor,"Ozuna, Feid",2,2022,10,4637,674072710,98,Minor
Yellow,Chris Molitor,1,1999,1,31358,1755214421,173,Major
Karma,Taylor Swift,1,2022,10,3818,404562836,90,Major
People,Libianca,1,2022,12,3506,373199958,198,Minor
Overdrive,Post Malone,1,2023,7,410,14780425,140,Major
Enchanted (Taylor's Version),Taylor Swift,1,2023,7,148,39578178,82,Major
BABY HELLO,"Rauw Alejandro, Bizarrap",2,2023,6,1004,54266102,130,Minor
Heat Waves,Glass Animals,1,2020,6,22543,2557975762,81,Major
golden hour,JVKE,1,2022,7,4511,751134527,94,Minor
Sweater Weather,The Neighbourhood,1,2012,5,16413,2282771485,124,Major
"Quevedo: Bzrp Music Sessions, Vol. 52","Bizarrap, Quevedo",2,2022,7,8506,1356565093,128,Major
Viva La Vida,Coldplay,1,2008,1,33898,1592909789,138,Minor
Here With Me,d4vd,1,2022,7,3246,635412045,132,Major
Unholy (feat. Kim Petras),"Sam Smith, Kim Petras",2,2022,9,8576,1230675890,131,Major
Yandel 150,"Yandel, Feid",2,2022,12,3618,585695368,168,Minor
CORAZï¿½ï¿½N VA,Maria Becerra,1,2023,6,370,43857627,98,Major
Riptide,Vance Joy,1,1975,1,31123,2009094673,102,Major
Until I Found You (with Em Beihold) - Em Beihold Version,"Em Beihold, Stephen Sanchez",2,2022,4,2790,600976848,101,Major
Novidade na ï¿½ï¿,"Mc Livinho, DJ Matt D",2,2023,6,267,39709092,130,Major
Back To December (Taylor's Version),Taylor Swift,1,2023,7,139,39228929,142,Major
STAY (with Justin Bieber),"Justin Bieber, The Kid Laroi",2,2021,7,17050,2665343922,170,Major
El Merengue,"Marshmello, Manuel Turizo",2,2023,3,2114,223633238,124,Minor
Someone You Loved,Lewis Capaldi,1,2018,11,17836,2887241814,110,Major
Me Porto Bonito,"Chencho Corleone, Bad Bunny",2,2022,5,8870,1440757818,92,Minor
Makeba,Jain,1,2015,6,6060,165484133,116,Major
MONTAGEM - FR PUNK,"Ayparia, unxbected",2,2012,6,641,58054811,129,Major
Fast Car,Luke Combs,1,2023,3,1446,157058870,98,Major
What It Is (Solo Version),Doechii,1,2023,3,804,95131998,172,Minor
Coco Chanel,"Bad Bunny, Eladio Carrion",2,2023,3,1962,250305248,150,Major
Donï¿½ï¿½ï¿½t Bl,Taylor Swift,1,2017,11,4875,685032533,136,Minor
Still With You,Jung Kook,1,2020,6,31,38411956,88,Minor
All My Life (feat. J. Cole),"J. Cole, Lil Durk",2,2023,5,2175,144565150,143,Major
Say Yes To Heaven,Lana Del Rey,1,2023,3,2000,127567540,100,Minor
Snooze,SZA,1,2022,12,2839,399686758,143,Major
Summertime Sadness,Lana Del Rey,1,2011,1,20333,983637508,112,Minor
Take Two,BTS,1,2023,6,674,118482347,93,Major
Lover,Taylor Swift,1,2012,1,8448,882831184,206,Major
Too Many Nights (feat. Don Toliver & with Future),"Future, Metro Boomin, Don Toliver",3,2022,12,2110,286400165,88,Minor
Chemical,Post Malone,1,2023,4,2528,172825906,170,Major
Mockingbird,Eminem,1,2004,1,12985,1241559043,84,Minor
New Jeans,NewJeans,1,2023,7,77,29562220,134,Minor
Primera Cita,Carin Leon,1,2022,4,266,77309611,158,Major
Cold Heart - PNAU Remix,"Dua Lipa, Elton John, Pnau",3,2017,11,21097,1605224506,116,Major
Dandelions,Ruth B.,1,2017,4,3423,1116995633,117,Major
Bones,Imagine Dragons,1,2021,3,4198,838079900,114,Minor
Set Fire to the Rain,Adele,1,2011,1,14739,1163620694,108,Minor
Money Trees,"Kendrick Lamar, Jay Rock",2,2012,1,26792,1093605526,144,Minor
Tak Segampang Itu,Anggi Marito,1,2022,12,213,179659294,130,Major
LAGUNAS,"Jasiel Nuï¿½ï¿½ez, Peso P",2,2023,6,58,39058561,116,Major
Mine (Taylor's Version),Taylor Swift,1,2023,7,99,36912123,121,Major
Everybody Wants To Rule The World,Tears For Fears,1,1985,2,41751,1205951614,112,Major
No Role Modelz,J. Cole,1,2014,12,21164,1791000570,100,Minor
Tattoo,Loreen,1,2023,2,2988,201660859,150,Minor
Rara Vez,"Taiu, Milo j",2,2023,2,893,248088961,120,Minor
VAGABUNDO,"Sebastian Yatra, Manuel Turizo, Beï¿½ï",3,2023,5,1094,90839753,127,Minor
august,Taylor Swift,1,2020,7,7324,607123776,90,Major
LUNA,"Junior H, Peso Pluma",2,2023,6,201,55842345,128,Minor
Miracle (with Ellie Goulding),"Calvin Harris, Ellie Goulding",2,2023,3,5120,211050784,143,Major
Nonsense,Sabrina Carpenter,1,2022,7,2346,342897938,139,Major
Que Vuelvas,"Carin Leon, Grupo Frontera",2,2022,12,763,2762,162,Major
Por las Noches,Peso Pluma,1,2021,6,457,330346424,92,Major
Feliz Cumpleaï¿½ï¿½os Fe,Feid,1,2022,8,3430,601863821,95,Major
Can't Hold Us (feat. Ray Dalton),"Ray Dalton, Ryan Lewis, Macklemore",3,2011,8,6074,1953533826,146,Major
Watermelon Sugar,Harry Styles,1,2019,11,21915,2322580122,95,Major
lovely - Bonus Track,"Billie Eilish, Khalid",2,2017,8,15032,2355719893,115,Minor
"Rauw Alejandro: Bzrp Music Sessions, Vol. 56","Rauw Alejandro, Bizarrap",2,2023,6,871,66902503,128,Major
Queencard,(G)I-DLE,1,2023,5,451,96273746,130,Minor
OMG,NewJeans,1,2023,1,1783,430977451,127,Minor
Radio,Lana Del Rey,1,2011,1,9389,284819874,150,Major
"Shakira: Bzrp Music Sessions, Vol. 53","Shakira, Bizarrap",2,2023,1,5724,721975598,122,Minor
505,Arctic Monkeys,1,2007,4,13985,1217120710,140,Major
"Calling (Spider-Man: Across the Spider-Verse) (Metro Boomin & Swae Lee, NAV, feat. A Boogie Wit da Hoodie)","Swae Lee, A Boogie Wit da Hoodie, Metro Boomin, NAV",4,2023,6,1051,109276132,140,Major
Trance (with Travis Scott & Young Thug),"Travis Scott, Young Thug, Metro Boomin",3,2022,12,1682,276259178,119,Minor
"Tere Vaaste (From ""Zara Hatke Zara Bachke"")","Sachin-Jigar, Shadab Faridi, Altamash Faridi, Amitabh Bhattacharya, Varun Jain",5,2023,5,182,54225632,110,Minor
Perfect,Ed Sheeran,1,2017,1,16596,2559529074,95,Major
Romantic Homicide,d4vd,1,2022,7,2335,681583126,132,Major
Believer,Imagine Dragons,1,2017,1,18986,2594040133,125,Minor
Novo Balanï¿½,"Veigh, Bvga Beatz, Supernova Ent, Prod Malax",4,2023,5,283,81102253,124,Minor
"Gol Bolinha, Gol Quadrado 2","Mc Pedrinho, DJ 900",2,2023,6,293,11956641,133,Minor
Without Me,Eminem,1,2002,1,21081,1687664027,112,Major
QUEMA,"Sog, Ryan Castro, Peso Pluma",3,2023,7,437,11599388,97,Major
Stargirl Interlude,"The Weeknd, Lana Del Rey",2,2016,11,1275,611700552,90,Minor
Ojitos Lindos,"Bomba Estï¿½ï¿½reo, Bad B",2,2022,5,6135,1133865788,80,Minor
Somewhere Only We Know,Keane,1,2004,1,20015,1089402494,172,Major
Those Eyes,New West,1,2019,5,1507,411747614,120,Major
El Gordo Trae El Mando,Chino Pacas,1,2023,1,539,255932395,140,Minor
Mi Bello Angel,Natanael Cano,1,2023,6,86,31873544,128,Minor
Bye,Peso Pluma,1,2023,5,324,95053634,122,Major
Danza Kuduro,"Don Omar, Lucenzo",2,2010,1,17138,1279434863,130,Major
Nosso Quadro,"Ana Castela, AgroPlay",2,2023,2,894,233801632,160,Major
Locked Out Of Heaven,Bruno Mars,1,2012,12,1622,1481349984,144,Major
Un Finde | CROSSOVER #2,"Big One, FMK, Ke personajes",3,2023,4,561,142095275,192,Major
Jimmy Cooks (feat. 21 Savage),"Drake, 21 Savage",2,2022,6,5871,618885532,163,Major
Counting Stars,OneRepublic,1,2013,1,29215,2011464183,122,Minor
Ghost,Justin Bieber,1,2021,3,5866,1167330737,154,Major
Under The Influence,Chris Brown,1,2019,10,3859,929964809,117,Minor
PRC,"Natanael Cano, Peso Pluma",2,2023,1,961,436027885,138,Minor
Gasolina,Daddy Yankee,1,2004,7,6457,657723613,96,Major
One Dance,"Drake, WizKid, Kyla",3,2016,4,43257,2713922350,104,Major
Enchanted,Taylor Swift,1,2010,1,4564,621660989,164,Major
Save Your Tears,The Weeknd,1,2020,3,12688,1591223784,118,Major
Sure Thing,Miguel,1,2010,5,13801,950906471,81,Minor
Every Breath You Take - Remastered 2003,The Police,1,1983,1,22439,1593270737,117,Major
The Night We Met,Lord Huron,1,2015,2,18515,1410088830,174,Major
We Found Love,"Rihanna, Calvin Harris",2,2011,1,36843,1235005533,128,Major
When I Was Your Man,Bruno Mars,1,2012,12,2420,1661187319,145,Major
Let Me Down Slowly,Alec Benjamin,1,2018,5,5897,1374581173,150,Minor
"Am I Dreaming (Metro Boomin & A$AP Rocky, Roisee)","A$AP Rocky, Metro Boomin, Roisee",3,2023,6,727,94186466,90,Minor
Do I Wanna Know?,Arctic Monkeys,1,2013,1,33783,1788326445,85,Major
Demons,Imagine Dragons,1,2012,1,26694,1840364617,180,Major
ýýýýýýýýýýýý,YOASOBI,1,2023,4,356,143573775,166,Major
Reminder,The Weeknd,1,2016,11,6518,684675814,160,Major
Shake It Off,Taylor Swift,1,2014,1,21335,1113838873,160,Major
Why'd You Only Call Me When You're High?,Arctic Monkeys,1,2013,1,23389,1267333350,92,Major
SNAP,Rosa Linn,1,2022,3,3202,726307468,170,Major
Shape of You,Ed Sheeran,1,2017,1,32181,3562543890,96,Minor
Night Changes,One Direction,1,2014,11,7124,1131090940,120,Major
Fin de Semana,"Oscar Maydon, Junior H",2,2023,1,592,307370144,98,Major
Creep,Radiohead,1,1992,9,36724,1271293243,92,Major
Car's Outside,James Arthur,1,2019,10,794,265882712,150,Major
Apocalypse,Cigarettes After Sex,1,2017,3,13091,841749534,94,Major
Cheques,Shubh,1,2023,5,67,47956378,90,Minor
Pink + White,Frank Ocean,1,2016,8,21574,806397070,160,Major
Circles,Post Malone,1,2019,8,19664,2132335812,120,Major
Just The Way You Are,Bruno Mars,1,2010,1,21106,1641426668,109,Major
Take Me To Church,Hozier,1,2013,9,23804,2135158446,129,Minor
Bebe Dame,"Fuerza Regida, Grupo Frontera",2,2022,12,849,367316268,157,Major
You Belong With Me (Taylorï¿½ï¿½ï¿½s Ve,Taylor Swift,1,2021,4,2619,350381515,130,Major
Titi Me Preguntï¿,Bad Bunny,1,2022,5,9037,1264310836,107,Minor
Better Than Revenge (Taylor's Version),Taylor Swift,1,2023,7,86,30343206,146,Minor
Shut up My Moms Calling,Hotel Ugly,1,2020,2,1788,405136812,139,Minor
Have You Ever Seen The Rain?,Creedence Clearwater Revival,1,1968,7,15890,1145727611,116,Major
Es un Secreto,Plan B,1,2010,7,492,540654286,95,Minor
POLARIS - Remix,"Feid, Mora, Saiko, Quevedo",4,2023,6,773,57312735,170,Minor
Ditto,NewJeans,1,2022,12,1154,397582059,134,Minor
Take On Me,a-ha,1,1984,10,44927,1479115056,84,Minor
"Annihilate (Spider-Man: Across the Spider-Verse) (Metro Boomin & Swae Lee, Lil Wayne, Offset)","Swae Lee, Lil Wayne, Offset, Metro Boomin",4,2023,6,551,86773632,146,Minor
"Angel Pt 1 (feat. Jimin of BTS, JVKE & Muni Long)","Kodak Black, NLE Choppa, Muni Long, JVKE, Jimin",5,2023,5,577,133753727,74,Minor
Acrï¿½ï¿½s,Shakira,1,2023,5,955,123124076,144,Major
AMG,"Natanael Cano, Gabito Ballesteros, Peso Pluma",3,2022,11,995,463564958,136,Minor
"Phir Aur Kya Chahiye (From ""Zara Hatke Zara Bachke"")","Arijit Singh, Sachin-Jigar, Amitabha Bhattacharya",3,2023,5,178,64533040,100,Major
S-Class,Stray Kids,1,2023,6,290,65496046,105,Minor
Hits Different,Taylor Swift,1,2023,5,547,68616963,106,Major
Chanel,"Becky G, Peso Pluma",2,2023,3,681,161460990,132,Major
Self Love (Spider-Man: Across the Spider-Verse) (Metro Boomin & Coi Leray),"Metro Boomin, Coi Leray",2,2023,6,332,70106975,120,Major
Area Codes,"Kaliii, Kaliii",2,2023,3,1197,113509496,155,Major
Abcdario,"Junior H, Eden Muï¿½ï",2,2023,5,262,89933133,129,Major
Obsessed,"Abhijay Sharma, Riar Saab",2,2022,9,161,71007139,135,Minor
Piï¿½ï¿½man Deï¿,"Semicenk, Doï¿½ï¿½u ",2,2023,6,185,43522589,98,Minor
FLOWER,JISOO,1,2023,3,839,232896922,124,Minor
"All The Way Live (Spider-Man: Across the Spider-Verse) (Metro Boomin & Future, Lil Uzi Vert)","Future, Lil Uzi Vert, Metro Boomin",3,2023,6,259,37126685,135,Minor
Eyes Closed,Ed Sheeran,1,2023,3,2915,195576623,107,Major
Escapism.,"RAYE, 070 Shake",2,2022,10,5129,532336353,96,Major
La Jumpa,"Arcangel, Bad Bunny",2,2022,11,3794,538115192,123,Major
Karma (feat. Ice Spice),"Taylor Swift, Ice Spice",2,2023,5,588,46142772,90,Major
Superhero (Heroes & Villains) [with Future & Chris Brown],"Future, Chris Brown, Metro Boomin",3,2022,12,2959,401036314,117,Minor
Las Morras,"BLESSD, Peso Pluma",2,2023,4,291,127026613,133,Minor
CHORRITO PA LAS ANIMAS,Feid,1,2022,12,2321,345031710,96,Minor
Ch y la Pizza,"Fuerza Regida, Natanael Cano",2,2022,12,536,288101651,149,Major
Snow On The Beach (feat. More Lana Del Rey),"Lana Del Rey, Taylor Swift",2,2023,5,359,60350538,110,Minor
Players,Coi Leray,1,2022,11,4096,335074782,105,Major
Bite Me,ENHYPEN,1,2023,5,349,76767396,105,Major
Stand By Me (feat. Morgan Wallen),"Lil Durk, Morgan Wallen",2,2023,5,381,46065667,134,Major
Normal,Feid,1,2022,7,2461,459276435,170,Minor
Hummingbird (Metro Boomin & James Blake),"James Blake, Metro Boomin",2,2023,6,277,39666245,81,Major
Seu Brilho Sumiu - Ao Vivo,"Israel & Rodolffo, Mari Fernandez",2,2023,3,967,138517666,154,Major
Bad Habit,Steve Lacy,1,2022,6,8186,822633917,169,Major
CUFF IT,Beyoncï¿,1,2022,7,7842,595900742,115,Major
Lilith (feat. SUGA of BTS) (Diablo IV Anthem),"Halsey, Suga",2,2023,6,215,51985779,84,Minor
69,"Nicky Jam, Feid",2,2023,5,1134,57945987,93,Major
Niï¿½ï¿½a Bo,"Sean Paul, Feid",2,2023,4,1305,115010040,91,Major
Search & Rescue,Drake,1,2023,4,2066,175097833,142,Minor
AMERICA HAS A PROBLEM (feat. Kendrick Lamar),"Kendrick Lamar, Beyoncï¿",2,2023,5,896,57089066,126,Major
Lavender Haze,Taylor Swift,1,2022,10,3763,488386797,97,Major
"Link Up (Metro Boomin & Don Toliver, Wizkid feat. BEAM & Toian) - Spider-Verse Remix (Spider-Man: Across the Spider-Verse )","WizKid, Toian, Metro Boomin, Don Toliver, Beam",5,2023,6,197,32761689,101,Major
Efecto,Bad Bunny,1,2022,5,4004,1047480053,98,Minor
Erro Gostoso - Ao Vivo,Simone Mendes,1,2023,1,984,153454328,154,Major
Cupido,Tini,1,2023,2,1240,217672943,120,Major
Just Wanna Rock,Lil Uzi Vert,1,2022,10,3995,457184829,150,Major
Unstoppable,Sia,1,2016,1,7681,939844851,174,Major
Until I Found You,Stephen Sanchez,1,2021,9,4427,726434358,202,Major
Rich Flex,"Drake, 21 Savage",2,2022,11,4657,573633020,153,Minor
Easy On Me,Adele,1,2021,10,10195,1406111294,142,Major
Cartï¿½ï¿½o B,"MC Caverinha, KayBlack",2,2023,5,269,71573339,108,Minor
Danger (Spider) (Offset & JID),"Offset, JID",2,2023,6,214,24975653,143,Major
Oi Balde - Ao Vivo,Zï¿½ï¿½ Neto & Crist,1,2023,2,845,145458418,108,Major
The Real Slim Shady,Eminem,1,2000,1,20763,1424589568,104,Minor
MERCHO,"Migrantes, LiL CaKe, Nico Valdi",3,2022,12,1267,231332117,93,Minor
The Color Violet,Tory Lanez,1,2021,12,2585,415932686,105,Minor
Glimpse of Us,Joji,1,2022,6,6330,988515741,170,Major
Mejor Que Yo,"Mambo Kingz, DJ Luian, Anuel Aa",3,2023,5,675,50847624,178,Minor
Curtains,Ed Sheeran,1,2023,5,715,39893489,176,Minor
UNFORGIVEN (feat. Nile Rodgers),"Nile Rodgers, LE SSERAFIM",2,2023,5,327,92035115,104,Minor
Haegeum,Agust D,1,2023,4,244,118810253,85,Major
Conexï¿½ï¿½es de Mï¿½ï¿½fia (feat. Rich ,"Rich The Kid, Matuï¿",2,2023,4,385,77233241,117,Minor
MIENTRAS ME CURO DEL CORA,Karol G,1,2023,2,1020,206399629,80,Major
Never Felt So Alone,Labrinth,1,2023,4,1730,117747907,98,Major
X SI VOLVEMOS,"Karol G, Romeo Santos",2,2023,2,2127,266624541,178,Minor
ceilings,Lizzy McAlpine,1,2022,4,3242,293186992,148,Major
Cupid,Fifty Fifty,1,2023,2,526,139681964,120,Major
I AM,IVE,1,2023,4,366,123132751,122,Minor
Cupid ï¿½ï¿½ï¿½ Twin Ver. (FIFTY FIFTY) ï¿½ï¿½ï¿½ Spe,sped up 8282,1,1997,1,472,103762518,144,Major
Shorty Party,"Cartel De Santa, La Kelly",2,2023,3,432,162887075,96,Major
Super,SEVENTEEN,1,2023,4,271,91221625,137,Major
Slut Me Out,NLE Choppa,1,2022,4,816,190490915,121,Minor
Double Fantasy (with Future),"The Weeknd, Future",2,2023,4,1169,96180277,119,Minor
All Of The Girls You Loved Before,Taylor Swift,1,2019,8,1282,185240616,96,Major
PROVENZA,Karol G,1,2022,4,6587,885093467,111,Major
Princess Diana (with Nicki Minaj),"Nicki Minaj, Ice Spice",2,2023,4,1444,104992946,148,Major
Di Que Si,"Grupo Marca Registrada, Grupo Frontera",2,2023,2,356,147290338,182,Major
Shivers,Ed Sheeran,1,2021,9,10147,1302184087,141,Major
Igualito a Mi Apï¿,"Fuerza Regida, Peso Pluma",2,2022,12,265,158950978,145,Minor
Shoong! (feat. LISA of BLACKPINK),"TAEYANG, Lisa",2,2023,4,351,76910644,110,Minor
Komang,Raim Laode,1,2022,8,158,137123880,134,Major
DESPECHï¿,ROSALï¿½,1,2022,7,7613,782369383,130,Major
Made You Look,Meghan Trainor,1,2022,10,3956,502574952,145,Major
Watch This - ARIZONATEARS Pluggnb Remix,"sped up nightcore, ARIZONATEARS, Lil Uzi Vert",3,2023,2,1638,207033255,130,Minor
No Se Va,Grupo Frontera,1,2022,4,924,404887295,173,Major
Punto G,Quevedo,1,2022,11,1985,381161027,92,Minor
Lovers Rock,TV Girl,1,2014,6,6339,466231982,105,Minor
METAMORPHOSIS,INTERWORLD,1,2021,11,1561,357580552,175,Minor
Mami Chula,"Quevedo, Jhayco",2,2023,4,875,61105704,120,Minor
En Paris,"El Chachito, Junior H",2,2022,12,406,198275403,139,Minor
Set Me Free Pt.2,Jimin,1,2023,3,340,168448603,132,Minor
I Was Never There,"The Weeknd, Gesaffelstein",2,2018,3,4188,705469769,114,Major
Don't ever say love me (feat. RM of BTS),"RM, Colde",2,2023,5,105,34502215,145,Minor
Shut Down,BLACKPINK,1,2022,9,1524,482175240,110,Major
Gato de Noche,"Nengo Flow, Bad Bunny",2,2022,12,2651,304118600,94,Major
Call Out My Name,The Weeknd,1,2018,3,11087,1449799467,134,Major
Like Crazy (English Version),Jimin,1,2023,3,373,173627354,120,Major
Rosa Pastel,"Jasiel Nuï¿½ï¿½ez, Peso P",2,2023,2,200,90025258,123,Minor
Sunroof,"Nicky Youre, Dazy",2,2021,12,3741,652704649,131,Major
Lose Yourself - Soundtrack Version,Eminem,1,2002,1,32502,1829992958,171,Major
Superman,"Eminem, Dina Rae",2,2002,5,7615,655466831,130,Minor
Mas Rica Que Ayer,"Mambo Kingz, DJ Luian, Anuel Aa",3,2023,3,1208,146409671,94,Major
People Pt.2 (feat. IU),"IU, Agust D",2,2023,4,209,95816024,89,Minor
REMIX EXCLUSIVO,Feid,1,2023,3,1235,117206995,87,Minor
"Arcï¿½ï¿½ngel: Bzrp Music Sessions, Vol","Arcangel, Bizarrap",2,2023,3,654,100409613,124,Minor
DOGTOOTH,"Tyler, The Creator",2,2023,3,1479,80758350,78,Major
10:35,"Tiï¿½ï¿½sto, Tate M",2,2022,11,4942,325592432,120,Major
SORRY NOT SORRY,"Tyler, The Creator",2,2023,3,709,58473276,96,Minor
HAPPY,NF,1,2023,3,660,52722996,106,Major
La Bebe,Yng Lvcas,1,2021,12,489,191945597,170,Minor
I Know - PR1SVX Edit,"Kanii, PR1ISVX",2,2023,3,407,77377503,134,Minor
Late Night Talking,Harry Styles,1,2022,5,7461,743693613,115,Major
Leï¿½,Marï¿½ï¿½lia Mendo,1,2022,12,993,267789608,130,Major
Save Your Tears (with Ariana Grande) (Remix),"Ariana Grande, The Weeknd",2,2020,3,9161,1221813483,118,Major
Something in the Orange,Zach Bryan,1,2022,4,3282,449701773,110,Major
VOID,Melanie Martinez,1,2023,3,596,67070410,100,Major
Dijeron Que No La Iba Lograr,"Fuerza Regida, Chino Pacas",2,2023,3,320,116334601,142,Minor
Midnight Rain,Taylor Swift,1,2022,10,2612,433356509,140,Major
If We Ever Broke Up,Mae Stephens,1,2023,2,2040,165584767,116,Major
You Proof,Morgan Wallen,1,2022,5,2128,367814306,120,Major
LA INOCENTE,"Feid, Mora",2,2022,4,2598,477033549,92,Minor
Malas Decisiones,Kenia OS,1,2022,10,542,156214700,110,Minor
Murder In My Mind,Kordhell,1,2022,1,2459,448843705,120,Major
Gangsta's Paradise,"Coolio, L.V.",2,1995,7,10624,1357608774,80,Major
CAIRO,"Karol G, Ovy On The Drums",2,2022,11,2418,294352144,115,Minor
I Love You So,The Walters,1,2014,11,7536,972164968,76,Major
Dark Red,Steve Lacy,1,2017,2,10431,920045682,172,Major
Say You Won't Let Go,James Arthur,1,2016,9,15722,2420461338,99,Major
The Hills,The Weeknd,1,2015,5,25744,1947371785,136,Minor
Heart To Heart,Mac DeMarco,1,2019,5,1640,244658767,150,Minor
Peaches (from The Super Mario Bros. Movie),Jack Black,1,2023,4,34,68216992,92,Minor
Marisola - Remix,"Duki, NICKI NICOLE, Cris Mj, Standly, Stars Music Chile",5,2022,12,1845,223582566,95,Major
LOKERA,"Brray, Rauw Alejandro, Lyanno",3,2022,7,3301,471819764,102,Minor
Low,SZA,1,2022,12,1911,272377463,145,Minor
Numb,Linkin Park,1,2003,3,20111,1361425037,110,Major
Tormenta (feat. Bad Bunny),"Gorillaz, Bad Bunny",2,2023,2,1529,149778242,95,Major
on the street (with J. Cole),"j-hope, J. Cole",2,2023,3,615,116599790,94,Minor
One Thing At A Time,Morgan Wallen,1,2022,12,811,148469433,142,Major
Miss You,"Robin Schulz, Oliver Tree",2,2022,8,5730,497225336,145,Minor
Ainï¿½ï¿½ï¿½t Tha,Morgan Wallen,1,2023,3,356,88791109,121,Minor
Thinkinï¿½ï¿½ï¿½ B,Morgan Wallen,1,2023,3,604,125917280,140,Minor
Private Landing (feat. Justin Bieber & Future),"Don Toliver, Future, Justin Bieber",3,2023,2,1190,105062254,137,Minor
Everything I Love,Morgan Wallen,1,2023,1,579,95623148,104,Major
Heaven,Niall Horan,1,2023,2,1553,144584800,92,Major
LET GO,Central Cee,1,2022,12,2301,298063749,146,Minor
Sial,Mahalini,1,2023,1,134,166570053,120,Major
I Wrote The Book,Morgan Wallen,1,2023,1,430,83021468,144,Major
"Apna Bana Le (From ""Bhediya"")","Arijit Singh, Sachin-Jigar",2,2022,11,86,139836056,94,Major
SPIT IN MY FACE!,ThxSoMch,1,2022,10,629,303216294,94,Major
PLAYA DEL INGLï¿½,"Myke Towers, Quevedo",2,2022,12,1701,221409663,113,Minor
Man Made A Bar (feat. Eric Church),"Morgan Wallen, Eric Church",2,2023,3,329,58890931,148,Major
Red Ruby Da Sleeze,Nicki Minaj,1,2023,3,1168,81419389,98,Major
Kahani Suno 2.0,Kaifi Khalil,1,2022,5,162,156777415,140,Major
Nobody Gets Me,SZA,1,2022,12,2536,284908316,100,Major
PERO Tï¿,"Karol G, Quevedo",2,2023,2,387,93438910,140,Major
Hype Boy,NewJeans,1,2022,8,892,363472647,100,Minor
Bloody Mary,Lady Gaga,1,2011,1,3909,372476382,100,Minor
Monotonï¿½,"Ozuna, Shakira",2,2022,10,3645,380726517,132,Minor
ýýý98 Braves,Morgan Wallen,1,2023,3,282,56533272,142,Major
WANDA,Quevedo,1,2023,1,888,175399345,176,Minor
Thought You Should Know,Morgan Wallen,1,2022,5,968,203221468,140,Major
In The End,Linkin Park,1,2000,10,25065,1624165576,105,Minor
Zona De Perigo,Leo Santana,1,2022,12,531,134294498,135,Major
Lovezinho,Treyce,1,2022,7,242,70069745,128,Minor
I Like You (A Happier Song) (with Doja Cat),"Post Malone, Doja Cat",2,2022,6,5281,609293408,101,Major
Neverita,Bad Bunny,1,2022,5,2590,671365962,122,Major
Vista Al Mar,Quevedo,1,2022,9,1769,362361576,105,Minor
Sem Alianï¿½ï¿½a no ,"MC Xenon, Os Gemeos da Putaria",2,2022,12,454,93587665,83,Major
Enemy (with JID) - from the series Arcane League of Legends,"Imagine Dragons, League of Legends, JID, Arcane",4,2021,9,6180,1223481149,77,Minor
Revenge,XXXTENTACION,1,2017,8,3600,1022258230,140,Minor
Bombonzinho - Ao Vivo,"Israel & Rodolffo, Ana Castela",2,2022,11,1254,263453310,158,Major
LA CANCIï¿½,"J Balvin, Bad Bunny",2,2019,6,6398,1435127549,176,Major
Quï¿½ï¿½ Ago,"Yuridia, Angela Aguilar",2,2022,10,660,236857112,98,Major
Love Again,The Kid Laroi,1,2023,1,1283,147538971,107,Minor
After Hours,The Weeknd,1,2020,2,8084,698086140,109,Minor
About Damn Time,Lizzo,1,2022,7,2332,723894473,109,Minor
Born With A Beer In My Hand,Morgan Wallen,1,2023,3,203,34450974,148,Major
ýýýýýýýýýýýýýýýýýýýýý,Fujii Kaze,1,2020,5,685,403097450,158,Minor
Besos Moja2,"Wisin & Yandel, ROSALï¿½",2,2022,9,2460,309483971,94,Minor
Maan Meri Jaan,King,1,2022,10,288,319566866,96,Minor
Moscow Mule,Bad Bunny,1,2022,5,4572,909001996,100,Minor
My Universe,"Coldplay, BTS",2,2021,9,6127,1061966512,105,Major
Devil Donï¿½ï¿½ï¿½,Morgan Wallen,1,2023,3,166,32526947,125,Major
LLYLM,ROSALï¿½,1,2023,1,1838,124988687,170,Minor
I'm Not Here To Make Friends,"Sam Smith, Calvin Harris, Jessie Reyez",3,2023,1,1890,103787664,115,Major
TRUSTFALL,P!nk,1,2023,1,2098,134255790,122,Major
ANTIFRAGILE,LE SSERAFIM,1,2022,10,761,301051721,105,Minor
Boy's a liar,PinkPantheress,1,2022,11,1225,156338624,133,Major
VIBE (feat. Jimin of BTS),"TAEYANG, Jimin",2,2023,1,415,152850295,100,Major
Shirt,SZA,1,2022,10,3469,309653982,120,Minor
Lift Me Up - From Black Panther: Wakanda Forever - Music From and Inspired By,Rihanna,1,2022,10,3311,297328960,177,Major
STAR WALKIN' (League of Legends Worlds Anthem),Lil Nas X,1,2022,9,2616,332506354,142,Minor
"Sex, Drugs, Etc.",Beach Weather,1,2016,11,3006,480507035,144,Minor
Boy With Luv (feat. Halsey),"Halsey, BTS",2,2019,4,4260,1065580332,120,Minor
"Hey, Mickey!",Baby Tate,1,2016,9,482,122763672,135,Major
Calm Down,Rï¿½ï,1,2022,2,4013,445763624,107,Major
Jhoome Jo Pathaan,"Arijit Singh, Vishal Dadlani, Sukriti Kakar, Vishal-Shekhar, Shekhar Ravjiani, Kumaar",6,2022,12,138,1365184,105,Major
Escapism. - Sped Up,"RAYE, 070 Shake",2,2022,11,1368,184308753,108,Minor
Space Song,Beach House,1,2015,1,17852,789753877,147,Minor
Dreamers [Music from the FIFA World Cup Qatar 2022 Official Soundtrack],"BTS, Jung Kook, FIFA Sound",3,2022,11,889,323358833,115,Major
Te Felicito,"Shakira, Rauw Alejandro",2,2022,4,4796,606361689,174,Major
Muï¿½ï¿½,"Steve Aoki, Tini, La Joaqui",3,2023,1,658,120972253,90,Minor
TV,Billie Eilish,1,2022,7,3009,338564981,141,Minor
I'm Not The Only One,Sam Smith,1,2014,1,17492,1606986953,82,Major
Heather,Conan Gray,1,2020,3,6170,1301799902,92,Major
"Besharam Rang (From ""Pathaan"")","Vishal-Shekhar, Shilpa Rao, Caralisa Monteiro, Kumaar, Vishal Dadlani, Shekhar Ravjiani",6,2022,12,130,140187018,116,Minor
One Kiss (with Dua Lipa),"Calvin Harris, Dua Lipa",2,2017,6,27705,1897517891,124,Minor
Sugar Rush Ride,TOMORROW X TOGETHER,1,2023,1,359,107642809,125,Minor
Pink Venom,BLACKPINK,1,2022,8,1963,551305895,90,Major
WAIT FOR U (feat. Drake & Tems),"Drake, Future, Tems",3,2022,4,5491,556585270,83,Major
Don't Start Now,Dua Lipa,1,2019,10,27119,2303033973,124,Minor
After Dark,Mr.Kitty,1,2014,8,1776,646886885,140,Major
Eu Gosto Assim - Ao Vivo,"Gustavo Mioto, Mari Fernandez",2,2022,9,1473,222612678,154,Major
INDUSTRY BABY (feat. Jack Harlow),"Jack Harlow, Lil Nas X",2,2021,7,13315,1814349763,150,Minor
MIDDLE OF THE NIGHT,Elley Duhï¿,1,2020,1,4057,872137015,186,Minor
Atlantis,Seafret,1,2015,4,3045,571386359,166,Minor
PUNTO 40,"Baby Rasta, Rauw Alejandro",2,2022,9,3006,304079786,107,Major
Evoque Prata,"DJ Escobar, MC MENOR SG, MC MENOR HR",3,2022,9,852,174006928,87,Major
How Do I Say Goodbye,Dean Lewis,1,2022,8,2163,284785823,82,Major
Blind,SZA,1,2022,12,1484,163284000,114,Minor
Die For You,Joji,1,2022,11,1703,246390068,148,Major
Doja,Central Cee,1,2022,7,4169,482257456,140,Major
Gatita,Bellakath,1,2022,10,1054,168684524,101,Major
Rumble,"Skrillex, Flowdan, Fred again..",3,2022,1,2849,78489819,140,Minor
Niagara Falls (Foot or 2) [with Travis Scott & 21 Savage],"Travis Scott, 21 Savage, Metro Boomin",3,2022,12,1602,195516622,88,Minor
Yonaguni,Bad Bunny,1,2021,6,9644,1260594497,180,Major
Super Freaky Girl,Nicki Minaj,1,2022,8,4827,428685680,133,Major
Running Up That Hill (A Deal With God),Kate Bush,1,1985,9,21811,1024858327,108,Minor
Dream On,Aerosmith,1,1973,1,168,838586769,80,Minor
Limbo,Freddie Dredd,1,2022,8,688,199386237,75,Minor
Where Are You Now,"Lost Frequencies, Calum Scott",2,2021,7,10565,972509632,121,Minor
WORTH NOTHING,"Twisted, Oliver Tree",2,2022,9,1612,213438580,140,Minor
Bad Habits,Ed Sheeran,1,2020,9,12755,1555511105,126,Minor
KICK BACK,Kenshi Yonezu,1,2022,10,574,210038833,102,Major
Evergreen (You Didnï¿½ï¿½ï¿½t Deserve Me A,Omar Apollo,1,2022,4,2499,227918678,82,Major
Good Days,SZA,1,2020,12,10426,826623384,121,Minor
Levitating (feat. DaBaby),"Dua Lipa, DaBaby",2,2020,3,15894,1802514301,103,Minor
Woman,Doja Cat,1,2021,6,9424,1329090101,108,Minor
Shut up My Moms Calling - (Sped Up),Hotel Ugly,1,2022,9,713,181831132,85,Minor
Ferrari,"James Hype, Miggy Dela Rosa",2,2022,3,7758,462791599,125,Minor
"You're On Your Own, Kid",Taylor Swift,1,2022,10,2537,348647203,120,Major
"Kesariya (From ""Brahmastra"")","Pritam, Arijit Singh, Amitabh Bhattacharya",3,2022,7,292,366599607,94,Major
Agudo Mï¿½ï¿½gi,"Styrx, utku INC, Thezth",3,1930,1,323,90598517,130,Minor
Payphone,"Maroon 5, Wiz Khalifa",2,2012,1,14143,1479264469,110,Major
All I Want for Christmas Is You,Mariah Carey,1,1994,10,25653,1449779435,150,Major
Last Christmas,Wham!,1,1984,1,22153,1159176109,107,Minor
Rockin' Around The Christmas Tree,Brenda Lee,1,1958,1,14994,769213520,140,Major
Jingle Bell Rock,Bobby Helms,1,1957,1,10326,741301563,119,Major
It's Beginning To Look A Lot Like Christmas,Michael Bublï¿,1,2011,10,12353,807561936,93,Major
Santa Tell Me,Ariana Grande,1,2013,12,9408,834129063,133,Major
It's the Most Wonderful Time of the Year,Andy Williams,1,1963,10,8879,663832097,202,Major
Let It Snow! Let It Snow! Let It Snow!,Dean Martin,1,1959,11,6512,446390129,134,Major
Snowman,Sia,1,2017,1,5140,690104769,105,Major
Underneath the Tree,Kelly Clarkson,1,2013,10,6596,485285717,160,Major
Feliz Navidad,Josï¿½ï¿½ Felic,1,1970,11,3788,520034544,148,Major
Holly Jolly Christmas,Michael Bublï¿,1,2011,10,7655,476244795,151,Major
Mistletoe,Justin Bieber,1,2011,1,9577,629173063,162,Minor
Sleigh Ride,The Ronettes,1,1963,11,10114,404664135,92,Major
Seek & Destroy,SZA,1,2022,12,1007,98709329,152,Major
Love Language,SZA,1,2022,12,1127,110849052,65,Minor
Happy Xmas (War Is Over),"John Lennon, The Harlem Community Choir, The Plastic Ono Band, Yoko Ono",4,1971,12,10829,460492795,147,Major
Used (feat. Don Toliver),"SZA, Don Toliver",2,2022,12,1042,94005786,150,Minor
A Holly Jolly Christmas - Single Version,Burl Ives,1,1952,1,7930,395591396,140,Major
The Christmas Song (Merry Christmas To You) - Remastered 1999,Nat King Cole,1,1946,11,11500,389771964,139,Major
Wonderful Christmastime - Edited Version / Remastered 2011,Paul McCartney,1,1979,11,1685,403939487,95,Major
Do They Know It's Christmas? - 1984 Version,Band Aid,1,1984,11,14169,481697415,115,Major
Ghost in the Machine (feat. Phoebe Bridgers),"SZA, Phoebe Bridgers",2,2022,12,1634,110073250,125,Major
Special,SZA,1,2022,12,906,88092256,76,Major
Merry Christmas Everyone,Shakin' Stevens,1,1984,1,1087,351636786,101,Minor
Let It Snow! Let It Snow! Let It Snow!,"Frank Sinatra, B. Swanson Quartet",2,1950,1,10585,473248298,143,Major
SOS,SZA,1,2022,12,827,73981293,119,Minor
Open Arms (feat. Travis Scott),"SZA, Travis Scott",2,2022,12,1420,155653938,78,Major
White Christmas,"Bing Crosby, John Scott Trotter & His Orchestra, Ken Darby Singers",3,1942,1,11940,395591396,96,Major
Driving Home for Christmas - 2019 Remaster,Chris Rea,1,1986,1,888,429504768,180,Major
Christmas (Baby Please Come Home),Darlene Love,1,1963,11,9122,242767149,126,Major
Gone Girl,SZA,1,2022,12,892,65362788,150,Major
F2F,SZA,1,2022,12,989,67540165,90,Major
Notice Me,SZA,1,2022,12,819,62019074,160,Major
Merry Christmas,"Ed Sheeran, Elton John",2,2017,11,2209,135723538,114,Major
It's Beginning to Look a Lot Like Christmas (with Mitchell Ayres & His Orchestra),"Perry Como, The Fontane Sisters, Mitchell Ayres & His Orchestra",3,1958,1,6290,295998468,113,Major
My Only Wish (This Year),Britney Spears,1,2000,11,6952,261116938,147,Major
Antidepresan,"Mabel Matiz, Mert Demir",2,2022,11,313,136689549,100,Minor
Wild Flower (with youjeen),RM,1,2022,12,353,135611421,155,Major
I Hate U,SZA,1,2021,12,4094,356709897,107,Minor
Raindrops (Insane) [with Travis Scott],"Travis Scott, Metro Boomin",2,2022,12,880,110649992,112,Major
SPIT IN MY FACE!,ThxSoMch,1,2022,10,573,301869854,166,Major
Deck The Hall - Remastered 1999,Nat King Cole,1,1959,1,3299,127027715,107,Minor
Smoking on my Ex Pack,SZA,1,2022,12,811,57144458,81,Major
Conceited,SZA,1,2022,12,899,56870689,150,Major
Snow On The Beach (feat. Lana Del Rey),"Taylor Swift, Lana Del Rey",2,2022,10,2415,323437194,110,Major
Maroon,Taylor Swift,1,2022,10,2304,317726339,108,Major
Tubarï¿½ï¿½o Te,"Dj LK da Escï¿½ï¿½cia, Tchakabum, mc jhenny, M",4,2022,9,1003,116144341,130,Minor
Bejeweled,Taylor Swift,1,2022,10,2699,328207708,164,Major
Tarot,"Bad Bunny, Jhay Cortez",2,2022,5,2482,608228647,114,Minor
You Make It Feel Like Christmas (feat. Blake Shelton),"Gwen Stefani, Blake Shelton",2,2005,9,2577,180577478,93,Major
Desesperados,"Chencho Corleone, Rauw Alejandro",2,2021,6,6821,809306935,90,Minor
Too Late,SZA,1,2022,12,714,49262961,128,Major
Party,"Bad Bunny, Rauw Alejandro",2,2022,5,3185,614555082,97,Major
Run Rudolph Run - Single Version,Chuck Berry,1,1958,1,8612,245350949,152,Minor
Jingle Bells - Remastered 1999,Frank Sinatra,1,1957,1,4326,178660459,175,Major
Far,SZA,1,2022,12,680,51641685,116,Major
On Time (with John Legend),"John Legend, Metro Boomin",2,2022,12,398,78139948,80,Minor
GATï¿½ï¿½,"Maldy, Karol G",2,2022,8,3328,322336177,93,Minor
ýýýabcdefu,Gayle,1,2021,8,7215,1007612429,122,Major
Sacrifice,The Weeknd,1,2022,1,4440,326792833,122,Major
Is There Someone Else?,The Weeknd,1,2022,1,2881,391251368,135,Minor
Fingers Crossed,"Lauren Spencer Smith, Lauren Spencer Smith, Lauren Spencer Smith",3,2022,1,2235,349585590,109,Major
Out of Time,The Weeknd,1,2022,1,3711,339659802,93,Minor
Do It To It,"Cherish, ACRAZE",2,2021,8,12403,674772936,125,Minor
We Don't Talk About Bruno,"Adassa, Mauro Castillo, Stephanie Beatriz, Encanto - Cast, Rhenzy Feliz, Diane Guerrero, Carolina Gaitan",7,2021,11,2785,432719968,206,Minor
Pepas,Farruko,1,2021,6,14114,1309887447,130,Major
How Do I Make You Love Me?,The Weeknd,1,2022,1,1915,119238316,121,Minor
Gasoline,The Weeknd,1,2022,1,2297,116903579,123,Minor
Infinity,Jaymes Young,1,2017,6,4375,888046992,122,Minor
Less Than Zero,The Weeknd,1,2022,1,2800,200660871,143,Major
Take My Breath,The Weeknd,1,2021,8,2597,130655803,121,Minor
good 4 u,Olivia Rodrigo,1,2021,5,15563,1887039593,166,Minor
"Here We Goï¿½ï¿½ï¿½ Again (feat. Tyler, the Cr","The Weeknd, Tyler, The Creator",3,2022,1,1420,88103848,135,Major
Best Friends,The Weeknd,1,2022,1,1292,101114984,87,Minor
Kiss Me More (feat. SZA),"SZA, Doja Cat",2,2021,4,15867,1575467011,111,Major
I Heard You're Married (feat. Lil Wayne),"The Weeknd, Lil Wayne",2,2022,1,1178,91656026,110,Major
Need To Know,Doja Cat,1,2021,6,6672,1042568408,130,Major
MONTERO (Call Me By Your Name),Lil Nas X,1,2020,9,12329,1735441776,179,Minor
love nwantiti (ah ah ah),Ckay,1,2019,7,5669,726837877,93,Minor
Dawn FM,The Weeknd,1,2022,1,811,53933526,78,Minor
Surface Pressure,Jessica Darrow,1,2021,11,1756,267758538,180,Major
Starry Eyes,The Weeknd,1,2022,1,1014,74601456,86,Minor
THATS WHAT I WANT,Lil Nas X,1,2021,9,7963,920797189,88,Minor
One Right Now (with The Weeknd),"The Weeknd, Post Malone",2,2021,11,4771,539595276,97,Major
Beggin,Mï¿½ï¿½ne,1,2017,12,8559,1367810478,134,Minor
Mon Amour - Remix,"Aitana, zzoilo",2,2020,9,3221,578207856,116,Major
Lo Siento BB:/ (with Bad Bunny & Julieta Venegas),"Julieta Venegas, Bad Bunny, Tainy",3,2021,10,3423,775542072,170,Minor
MONEY,Lisa,1,2021,9,2566,863625566,140,Minor
The Motto,"Tiï¿½ï¿½sto, Ava",2,2021,11,9151,656013912,118,Minor
Happier Than Ever,Billie Eilish,1,2021,7,8476,1056760045,65,Major
Moth To A Flame (with The Weeknd),"The Weeknd, Swedish House Mafia",2,2021,10,7495,611994237,120,Minor
traitor,"Juan Cruz Toledo, Huilen Toledo",2,2021,5,5257,1230855859,176,Major
Toxic,BoyWithUke,1,2021,9,1795,582981380,180,Minor
drivers license,Olivia Rodrigo,1,2021,1,12685,1858144199,144,Major
Malvadï¿½ï¿,"Xamï¿½ï¿½, Gustah, Neo B",3,2021,11,648,240684449,133,Minor
All Too Well (10 Minute Version) (Taylor's Version) (From The Vault),Taylor Swift,1,2021,11,4635,583687007,93,Major
Donï¿½ï¿½ï¿½t Break My,The Weeknd,1,2022,1,1184,63803529,122,Major
Oh My God,Adele,1,2021,11,4431,466214729,88,Major
Entre Nosotros (Remix) [con Nicki Nicole],"Lit Killah, Maria Becerra, Tiago pzk, NICKI NICOLE",4,2022,1,759,236940480,170,Minor
A Tale By Quincy,The Weeknd,1,2022,1,733,41924466,94,Minor
I AM WOMAN,Emmy Meli,1,2021,11,2795,225259194,170,Major
Medallo,"Justin Quiles, Lenny Tavï¿½ï¿½rez, BL",3,2021,10,2780,393230256,90,Minor
It'll Be Okay,Shawn Mendes,1,2021,12,1950,287201015,78,Major
Softcore,The Neighbourhood,1,2018,3,3947,599770206,94,Major
Super Gremlin,Kodak Black,1,2021,10,2551,342779426,73,Major
Volvï¿,"Aventura, Bad Bunny",2,2021,8,5375,673801126,176,Major
Todo De Ti,Rauw Alejandro,1,2020,11,11975,1168642797,128,Minor
Love Nwantiti - Remix,"Ckay, AX'EL, Dj Yo!",3,2019,8,2696,540539717,120,Major
Smokin Out The Window,"Bruno Mars, Anderson .Paak, Silk Sonic",3,2021,11,4963,383550148,82,Major
Meet Me At Our Spot,"THE ANXIETY, Willow, Tyler Cole",3,2020,3,6734,530511203,95,Major
Every Angel is Terrifying,The Weeknd,1,2022,1,715,37307967,118,Major
Tacones Rojos,Sebastian Yatra,1,2021,10,3047,510876816,123,Minor
Peaches (feat. Daniel Caesar & Giveon),"Justin Bieber, Daniel Caesar, Giveon",3,2021,3,14140,1445941661,90,Major
Dakiti,"Bad Bunny, Jhay Cortez",2,2020,10,11215,1763363713,110,Minor
"Tiago PZK: Bzrp Music Sessions, Vol. 48","Bizarrap, Tiago pzk",2,2021,12,1678,374191487,96,Minor
Lï¿½ï¿½ï¿,Stromae,1,2022,1,2035,108809090,88,Minor
Nostï¿½ï¿½l,"Chris Brown, Rvssian, Rauw Alejandro",3,2021,9,2780,436695353,98,Minor
Better Days (NEIKED x Mae Muller x Polo G),"NEIKED, Mae Muller, Polo G",3,2021,9,4091,421040617,110,Minor
Life Goes On,Oliver Tree,1,2020,7,2868,501541661,80,Major
Sad Girlz Luv Money Remix (feat. Kali Uchis),"Kali Uchis, Amaarae, Moliy",3,2021,9,3643,354065229,110,Minor
Butter,BTS,1,2021,5,4779,1143647827,110,Major
pushin P (feat. Young Thug),"Young Thug, Future, Gunna",3,2022,1,3517,311395144,78,Minor
You Right,"Doja Cat, The Weeknd",2,2021,6,5073,672656250,129,Major
deja vu,Olivia Rodrigo,1,2021,4,7545,1256880657,181,Major
Dynamite,BTS,1,2020,8,8528,1692897992,114,Minor
TO THE MOON,Jnr Choi,1,2021,11,2979,245095641,144,Major
Lost in the Fire,"The Weeknd, Gesaffelstein",2,2019,1,7731,686734357,101,Major
Salimo de Noche,"Trueno, Tiago pzk",2,2021,10,1057,261414174,84,Major
Volando - Remix,"Sech, Bad Bunny, Mora",3,2021,7,3272,610045621,154,Major
Leave The Door Open,"Bruno Mars, Anderson .Paak, Silk Sonic",3,2021,3,14417,1115880852,148,Major
Knife Talk (with 21 Savage ft. Project Pat),"Drake, Project Pat, 21 Savage",3,2021,9,5199,594482982,146,Minor
Don't Be Shy,"Tiï¿½ï¿½sto, Kar",2,2021,8,6026,566954746,120,Minor
Love Grows (Where My Rosemary Goes),Edison Lighthouse,1,1970,1,2877,BPM110KeyAModeMajorDanceability53Valence75Energy69Acousticness7Instrumentalness0Liveness17Speechiness3,110,Major
LA FAMA (with The Weeknd),"The Weeknd, ROSALï¿½",2,2021,11,4640,374706940,136,Minor
The Family Madrigal,"Olga Merediz, Stephanie Beatriz, Encanto - Cast",3,2021,11,1150,184937148,141,Major
Phantom Regret by Jim,The Weeknd,1,2022,1,768,31959571,108,Minor
Dos Oruguitas,Sebastian Yatra,1,2021,11,925,167076418,94,Major
Freaks,Surf Curse,1,2015,5,3006,824420218,180,Major
Acapulco,Jason Derulo,1,2021,9,3098,363467642,122,Major
Daddy Issues,The Neighbourhood,1,2015,10,9771,1127468248,85,Major
thought i was playing,"21 Savage, Gunna",2,2022,1,807,60680939,148,Major
ELEVEN,IVE,1,2021,12,521,247737946,120,Major
Mood (feat. Iann Dior),"24kgoldn, Iann Dior",2,2020,7,12854,1699402402,91,Minor
What Else Can I Do?,"Stephanie Beatriz, Diane Guerrero",2,2021,11,802,154797871,120,Major
DANCE CRIP,Trueno,1,2021,11,731,198883004,106,Major
Miserable Man,David Kushner,1,2022,1,788,124407432,110,Major
happier,Olivia Rodrigo,1,2021,5,3069,850608354,169,Major
Praise God,Kanye West,1,2021,8,4651,376333030,118,Major
Get Into It (Yuh),Doja Cat,1,2021,6,4999,516784627,92,Minor
Before You Go,Lewis Capaldi,1,2019,11,8327,1608045237,112,Major
Sky,Playboi Carti,1,2020,12,3297,506778838,140,Major
Rolling in the Deep,Adele,1,2010,11,35684,1472799873,105,Major
Sobrio,Maluma,1,2021,7,3506,513643924,178,Major
Peru,"Ed Sheeran, Fireboy DML",2,2021,12,2999,261286503,108,Minor
favorite crime,Olivia Rodrigo,1,2021,5,3681,783706581,173,Major
Thunder,"Prezioso, Gabry Ponte, LUM!X",3,2021,5,4846,422691058,101,Major
The Business,Tiï¿½ï¿,1,2020,1,14311,1062345656,120,Minor
positions,Ariana Grande,1,2020,10,8207,1252563873,144,Major
I WANNA BE YOUR SLAVE,Mï¿½ï¿½ne,1,2021,3,4873,851070493,133,Major
Vai Lï¿½ï¿½ Em Casa ,"Marï¿½ï¿½lia Mendonï¿½ï¿½a, George Henrique &",2,2021,10,772,263894529,158,Minor
The Feels,TWICE,1,2021,10,1150,345903614,120,Major
HEARTBREAK ANNIVERSARY,Giveon,1,2020,2,5398,951637566,129,Major
No Lie,"Sean Paul, Dua Lipa",2,2016,11,7370,956865266,102,Major
OUT OUT (feat. Charli XCX & Saweetie),"Charli XCX, Jax Jones, Joel Corry, Saweetie",4,2021,8,6890,427486004,124,Minor
Pope Is a Rockstar,SALES,1,2016,4,1966,156658366,90,Minor
2055,Sleepy hallow,1,2021,4,2226,624515457,161,Minor
Bored,Billie Eilish,1,2017,3,4204,777765388,120,Major
Happier Than Ever - Edit,Billie Eilish,1,2021,7,1959,412795151,81,Major
Astronaut In The Ocean,Masked Wolf,1,2019,1,7191,1138474110,150,Minor
Ley Seca,"Anuel Aa, Jhay Cortez",2,2021,9,2012,355219175,105,Major
Every Summertime,NIKI,1,2021,8,1211,290228626,79,Major
Talking To The Moon,Bruno Mars,1,2010,10,7109,1062956628,146,Minor
you broke me first,Tate McRae,1,2020,4,6638,1180094974,124,Major
The Nights,Avicii,1,2014,1,17354,1456081449,126,Major
Take My Breath,The Weeknd,1,2021,8,6392,432702334,121,Major
Way 2 Sexy (with Future & Young Thug),"Drake, Future, Young Thug",3,2021,9,5481,489945871,136,Minor
Cï¿½ï¿½,Rauw Alejandro,1,2021,6,2636,465959382,102,Minor
Enemy - from the series Arcane League of Legends,"Imagine Dragons, League of Legends, Arcane",3,2021,10,824,1223481149,77,Major
Dance Monkey,Tones and I,1,2019,5,24529,2864791672,98,Minor
Lucid Dreams,Juice WRLD,1,2017,6,14749,2288695111,84,Minor
Quï¿½ï¿½ Mï¿½ï¿,"J Balvin, Maria Becerra",2,2021,1,8087,720825549,102,Major
All of Me,John Legend,1,2013,8,27221,2086124197,120,Major
Smells Like Teen Spirit - Remastered 2021,Nirvana,1,1991,9,49991,1690192927,117,Major
Arcade,Duncan Laurence,1,2019,3,6646,991336132,72,Minor
Fair Trade (with Travis Scott),"Drake, Travis Scott",2,2021,9,5403,593917618,168,Major
Bar,"Tini, L-Gante",2,2021,11,755,200972675,94,Major
The Rumbling (TV Size),SiM,1,2022,1,254,71014967,145,Major
family ties (with Kendrick Lamar),"Kendrick Lamar, Baby Keem",2,2021,8,6308,560222750,134,Major
Mr. Brightside,The Killers,1,2003,9,51979,1806617704,148,Major
Blessed-Cursed,ENHYPEN,1,2022,1,246,77337771,127,Minor
AM Remix,"J Balvin, Nio Garcia, Bad Bunny",3,2021,6,6556,528544703,172,Minor
Streets,Doja Cat,1,2019,11,5728,865640097,90,Major
Shallow,"Lady Gaga, Bradley Cooper",2,2018,9,16636,2159346687,96,Major
Polaroid Love,ENHYPEN,1,2022,1,461,211372494,138,Minor
Leave Before You Love Me (with Jonas Brothers),"Marshmello, Jonas Brothers",2,2021,4,4893,651732901,120,Major
Permission to Dance,BTS,1,2021,7,1801,608334048,125,Major
Friday (feat. Mufasa & Hypeman) - Dopamine Re-Edit,"Riton, Nightcrawlers, Mufasa & Hypeman, Dopamine",4,2021,1,12043,863756573,123,Major
RAPSTAR,Polo G,1,2021,4,4731,797402345,81,Major
'Till I Collapse,"Eminem, Nate Dogg",2,2002,5,22923,1695712020,171,Major
Memories,Maroon 5,1,2019,9,9974,1759567999,91,Major
Se Le Ve,"Arcangel, De La Ghetto, Justin Quiles, Lenny Tavï¿½ï¿½rez, Sech, Dalex, Dimelo Flow, Rich Music",8,2021,8,1560,223319934,84,Minor
25k jacket (feat. Lil Baby),"Gunna, Lil Baby",2,2022,1,620,54937991,115,Minor
When Iï¿½ï¿½ï¿½m Gone (with Katy ,"Katy Perry, Alesso",2,2021,12,3270,226897599,125,Major
Esqueï¿½ï¿½a-Me Se For C,"Marï¿½ï¿½lia Mendonï¿½ï¿½a, Maiara &",2,2021,10,580,258316038,122,Minor
Miï¿½ï¿½n,"Tini, Maria Becerra",2,2021,4,3406,596152090,92,Major
Sï¿½ï¿½,"Anuel Aa, Myke Towers, Jhay Cortez",3,2021,11,903,177129919,90,Minor
MAMIII,"Karol G, Becky G",2,2022,2,6809,716591492,94,Minor
Still D.R.E.,"Dr. Dre, Snoop Dogg",2,1999,1,33966,1210599487,93,Major
Stay Alive (Prod. SUGA of BTS),Jung Kook,1,2022,2,590,246376690,130,Minor
Boyfriend,Dove Cameron,1,2022,2,3766,496311364,180,Minor
The Joker And The Queen (feat. Taylor Swift),"Ed Sheeran, Taylor Swift",2,2022,2,1430,146789379,134,Major
The Next Episode,"Dr. Dre, Snoop Dogg",2,1999,1,31762,843309044,95,Minor
Light Switch,Charlie Puth,1,2022,1,4049,500340342,184,Major
City of Gods,"Kanye West, Alicia Keys, Fivio Foreign",3,2022,2,2096,107255472,147,Minor
Brividi,"Mahmood, Blanco",2,2022,2,1175,135079152,123,Major
Lost,Frank Ocean,1,2012,1,29499,822239726,123,Minor
In Da Club,50 Cent,1,2002,1,30427,1202722675,90,Minor
she's all i wanna be,Tate McRae,1,2022,2,2711,343197054,160,Minor
Ginseng Strip 2002,Yung Lean,1,2013,8,4310,240769997,115,Major
All For Us - from the HBO Original Series Euphoria,"Labrinth, Zendaya",2,2019,8,5342,426204830,141,Major
Notion,The Rare Occasions,1,2016,8,2393,421135627,160,Major
Formula,Labrinth,1,2019,10,3444,554875730,145,Major
Mount Everest,Labrinth,1,2019,6,5443,467727006,89,Minor
Excuses,"Intense, AP Dhillon, Gurinder Gill",3,2020,7,272,327498031,95,Minor
Cigarettes,Juice WRLD,1,2021,12,975,185408548,160,Major
"Cayï¿½ï¿½ La Noche (feat. Cruz Cafunï¿½ï¿½, Abhir Hathi, Bejo, EL IMA)","Quevedo, La Pantera, Juseph, Cruz Cafunï¿½ï¿½, Bï¿½ï¿½jo, Abhir Hathi",7,2022,1,1034,245400167,174,Minor
California Love - Original Version (Explicit),"Dr. Dre, 2Pac, Roger",3,1995,12,18773,579395142,92,Major
Forgot About Dre,"Eminem, Dr. Dre",2,1999,1,19067,675039469,134,Major
Down Under (feat. Colin Hay),"Luude, Colin Hay",2,2021,11,3541,252871192,172,Minor
Mujeriego,Ryan Castro,1,2021,12,1492,231996128,80,Major
HUMBLE.,Kendrick Lamar,1,2017,3,33206,1929770265,150,Minor
Stan,"Eminem, Dido",2,1999,11,17115,918915401,80,Minor
Contection,"GODZZ__-, Zakaria",2,2020,1,6955,1180896317,166,Minor
Swim,Chase Atlantic,1,2017,10,2742,498960285,120,Major
A Tu Merced,Bad Bunny,1,2020,2,4214,685071800,92,Major
Numb Little Bug,Em Beihold,1,2022,1,2026,258714692,85,Minor
212,"Mainstreet, Chefin",2,2022,1,352,143139338,154,Minor
Problemï¿½,"Alvaro Diaz, Rauw Alejandro",2,2021,10,1517,209768491,92,Minor
Bussin,"Nicki Minaj, Lil Baby",2,2022,2,847,64714573,140,Major
Worst Day,Future,1,2022,2,910,50746620,89,Major
Malvada,Zï¿½ï¿½ Fe,1,2022,1,601,154119539,135,Minor
Hrs and Hrs,Muni Long,1,2021,11,1800,181328253,140,Minor
Alien Blues,Vundabar,1,2015,7,1930,370068639,82,Major
Thinking Out Loud,Ed Sheeran,1,2014,1,33032,2280566092,79,Major
Still Don't Know My Name,Labrinth,1,2019,10,6332,563902868,88,Major
Christmas Tree,V,1,2021,12,509,317622165,139,Major
Mal Feito - Ao Vivo,"Marï¿½ï¿½lia Mendonï¿½ï¿½a, Hugo & G",2,2022,1,971,291709698,124,Minor
When I R.I.P.,Labrinth,1,2019,10,2578,203680270,80,Minor
Do We Have A Problem?,"Nicki Minaj, Lil Baby",2,2022,2,1064,81350745,120,Minor
Forever,Labrinth,1,2019,10,3618,282883169,80,Minor
Gospel (with Eminem),"Eminem, Dr. Dre",2,2022,2,1040,64787943,117,Major
Seï¿½ï¿½o,"Shawn Mendes, Camila Cabello",2,2019,6,15010,2484812918,117,Minor
NEW MAGIC WAND,"Tyler, The Creator",2,2019,5,4708,461437791,140,Minor
Adore You,Harry Styles,1,2019,12,13454,1439191367,99,Major
La Santa,"Daddy Yankee, Bad Bunny",2,2020,2,4890,759208783,93,Major
Something In The Way - Remastered 2021,Nirvana,1,1991,9,9514,368646862,106,Major
Sweetest Pie,"Dua Lipa, Megan Thee Stallion",2,2022,3,3501,299634472,124,Major
Bam Bam (feat. Ed Sheeran),"Camila Cabello, Ed Sheeran",2,2022,3,6111,756907987,95,Major
Una Noche en Medellï¿½,Cris Mj,1,2022,1,5415,682475162,96,Minor
Envolver,Anitta,1,2021,11,4673,546191065,92,Minor
Starlight,Dave,1,2022,3,1856,229473310,124,Major
Hati-Hati di Jalan,Tulus,1,2022,3,200,202677468,72,Major
"I'm Tired - From ""Euphoria"" An Original HBO Series",Labrinth,1,2022,2,1888,121913181,71,Minor
DANï¿½ï¿½A,"Mc Pedrinho, Pedro Sampaio",2,2022,2,911,208166039,135,Minor
Yo Voy (feat. Daddy Yankee),Zion & Lennox,1,2004,5,2954,527033089,95,Major
"Residente: Bzrp Music Sessions, Vol. 49","Residente, Bizarrap",2,2022,3,461,94616487,71,Minor
Jordan,Ryan Castro,1,2021,4,2844,394030335,180,Minor
Nail Tech,Jack Harlow,1,2022,2,2939,193443895,150,Minor
Chale,Eden Muï¿½ï,1,2022,2,695,299648208,189,Major
DARARI,Treasure,1,2022,2,328,182978249,85,Major
Ya No Somos Ni Seremos,Christian Nodal,1,2022,2,866,319757142,140,Major
Thinking with My Dick,"Kevin Gates, Juicy J",2,2013,7,1550,109091573,81,Major
Freaky Deaky,"Tyga, Doja Cat",2,2022,2,1729,153240879,104,Minor
this is what falling in love feels like,JVKE,1,2021,9,2005,346127840,129,Major
La Zona,Bad Bunny,1,2020,2,1188,312622938,94,Minor
Bohemian Rhapsody - Remastered 2011,Queen,1,1975,10,40112,2197010679,71,Minor
Hope,XXXTENTACION,1,2018,3,3659,1200808494,146,Minor
Levitating,Dua Lipa,1,2020,3,9833,797196073,103,Minor
Wake Me Up - Radio Edit,Avicii,1,2013,1,50887,1970673297,124,Major
"jealousy, jealousy",Olivia Rodrigo,1,2021,5,3257,665765558,164,Minor
Monï¿½ï¿½y so,YEAT,1,2021,9,1473,263779030,138,Major
Demasiadas Mujeres,C. Tangana,1,2020,10,2226,339473453,126,Minor
Something Just Like This,"The Chainsmokers, Coldplay",2,2017,2,23375,2204080728,103,Minor
Closer,"The Chainsmokers, Halsey",2,2016,5,28032,2591224264,95,Major
O.O,NMIXX,1,2022,2,290,135444283,200,Minor
Somebody That I Used To Know,"Gotye, Kimbra",2,2011,1,42798,1457139296,129,Major
Tom's Diner,"AnnenMayKantereit, Giant Rooks",2,2019,6,2605,236872197,98,Minor
First Class,Jack Harlow,1,2022,4,8737,694525298,107,Major
Plan A,Paulo Londra,1,2022,3,1105,240661097,174,Major
Fuera del mercado,Danny Ocean,1,2022,2,2499,421365166,92,Major
X ï¿½ï¿½LTIMA,"Daddy Yankee, Bad Bunny",2,2022,3,2697,349746291,90,Major
When You're Gone,Shawn Mendes,1,2022,3,2092,255120451,147,Major
In My Head,Lil Tjay,1,2022,4,1185,190981339,143,Major
Wait a Minute!,Willow,1,2015,1,11985,924193303,101,Minor
LOVE DIVE,IVE,1,2022,4,753,305771063,118,Minor
Pantysito,"Feid, Alejo, Robi",3,2022,3,2995,273005485,98,Minor
Chance,Paulo Londra,1,2022,4,225,89566512,138,Minor
Cool for the Summer,Demi Lovato,1,2015,1,9243,677389855,114,Minor
psychofreak (feat. WILLOW),"Camila Cabello, Willow",2,2022,4,918,75476209,180,Minor
Angel Baby,Troye Sivan,1,2021,9,1959,408843328,145,Major
Vampiro,"Matuï¿½ï¿½, Wiu, ",3,2022,1,540,187772591,115,Minor
Si Quieren Frontear,"De La Ghetto, Duki, Quevedo",3,2022,3,859,178512385,82,Major
Right On,Lil Baby,1,2022,4,1116,101780047,166,Major
Me Arrepentï¿,"Ak4:20, Cris Mj, Pailita",3,2022,3,273,118381354,92,Major
That's Hilarious,Charlie Puth,1,2022,4,686,146363130,108,Major
Soy El Unico,Yahritza Y Su Esencia,1,2022,3,226,126443991,84,Minor
RUMBATï¿½,Daddy Yankee,1,2022,3,1264,157990698,95,Minor
sentaDONA (Remix) s2,"Luï¿½ï¿½sa Sonza, MC Frog, Dj Gabriel do Borel, Davi K",4,2022,3,870,176290831,135,Minor
Falling,Harry Styles,1,2019,12,7556,1023187129,110,Major
Sigue,"Ed Sheeran, J Balvin",2,1996,11,1370,106933107,88,Major
Fim de Semana no Rio,teto,1,2022,3,315,139193812,119,Minor
MANIAC,Stray Kids,1,2022,3,651,212234990,120,Major
There's Nothing Holdin' Me Back,Shawn Mendes,1,2016,9,12382,1714490998,122,Major
IDGAF (with blackbear),"Blackbear, BoyWithUke",2,2022,3,625,197643795,98,Major
Golden,Harry Styles,1,2019,12,8429,807015863,140,Minor
Get Lucky - Radio Edit,"Pharrell Williams, Nile Rodgers, Daft Punk",3,2013,1,52898,933815613,116,Minor
Ain't Shit,Doja Cat,1,2021,6,3436,499710590,124,Major
"Nobody Like U - From ""Turning Red""","Jordan Fisher, Josh Levi, Finneas O'Connell, 4*TOWN (From Disney and Pixarï¿½ï¿½ï¿½s Turning Red), Topher Ngo, Grayson Vill",6,2022,2,918,120847157,105,Minor
Still Life,BIGBANG,1,2022,4,181,53909146,118,Major
Photograph,Ed Sheeran,1,2014,6,18778,2236667932,108,Major
Love Yourself,Justin Bieber,1,2015,11,22730,2123309722,100,Major
N95,Kendrick Lamar,1,2022,5,5542,301242089,140,Minor
About Damn Time,Lizzo,1,2022,4,9021,723894473,109,Minor
Die Hard,"Kendrick Lamar, Blxst, Amanda Reifer",3,2022,5,4627,237351106,101,Minor
Despuï¿½ï¿½s de la P,Bad Bunny,1,2022,5,2229,461558540,78,Major
Un Ratito,Bad Bunny,1,2022,5,1112,417230415,93,Minor
United In Grief,Kendrick Lamar,1,2022,5,2575,156898322,87,Major
Father Time (feat. Sampha),"Kendrick Lamar, Sampha",2,2022,5,3107,127309180,153,Minor
Yo No Soy Celoso,Bad Bunny,1,2022,5,1179,313113297,142,Major
Rich Spirit,Kendrick Lamar,1,2022,5,3486,173702135,96,Minor
Cooped Up (with Roddy Ricch),"Post Malone, Roddy Ricch",2,2022,5,2942,271666301,125,Major
Me Fui de Vacaciones,Bad Bunny,1,2022,5,1443,305650299,85,Major
Silent Hill,"Kendrick Lamar, Kodak Black",2,2022,5,3028,123216717,140,Minor
La Corriente,"Tony Dize, Bad Bunny",2,2022,5,1796,479655659,196,Minor
Count Me Out,Kendrick Lamar,1,2022,5,2729,126191104,134,Major
Andrea,"Buscabulla, Bad Bunny",2,2022,5,1195,344055883,103,Minor
Dos Mil 16,Bad Bunny,1,2022,5,892,338422004,130,Major
We Cry Together,"Kendrick Lamar, Taylour Paige",2,2022,5,1635,68895644,108,Major
Savior,"Kendrick Lamar, Sam Dew, Baby Keem",3,2022,5,2291,86176890,123,Major
Un Coco,Bad Bunny,1,2022,5,1029,403231558,152,Major
Otro Atardecer,"Bad Bunny, The Marï¿½ï",2,2022,5,1681,319546754,108,Major
Worldwide Steppers,Kendrick Lamar,1,2022,5,1480,61739839,72,Minor
Aguacero,Bad Bunny,1,2022,5,829,283359161,121,Minor
Purple Hearts,"Kendrick Lamar, Ghostface Killah, Summer Walker",3,2022,5,2308,76831876,138,Minor
Un Verano Sin Ti,Bad Bunny,1,2022,5,1004,283332261,188,Minor
ULTRA SOLO,"Polima WestCoast, Pailita",2,2022,2,1367,307752576,110,Major
Ensï¿½ï¿½ï¿½ï¿½ame ,Bad Bunny,1,2022,5,1112,279737940,105,Major
El Apagï¿½,Bad Bunny,1,2022,5,1209,212351890,118,Major
Callaita,"Bad Bunny, Tainy",2,2019,5,9539,1304313953,176,Major
Dua Lipa,Jack Harlow,1,2022,5,1992,150500965,158,Major
Agosto,Bad Bunny,1,2022,5,897,246127838,115,Minor
House Of Memories,Panic! At The Disco,1,2016,1,2948,582863434,110,Minor
Mr. Morale,"Kendrick Lamar, Tanna Leone",2,2022,5,1860,58687425,174,Major
That That (prod. & feat. SUGA of BTS),"PSY, Suga",2,2022,4,802,212109195,130,Major
In The Stars,Benson Boone,1,2022,4,2224,382199619,78,Major
Rich - Interlude,Kendrick Lamar,1,2022,5,1103,41210087,104,Major
SUPERMODEL,Mï¿½ï¿½ne,1,2022,5,2265,231657891,121,Major
Stefania (Kalush Orchestra),KALUSH,1,2022,3,555,53729194,105,Major
Thousand Miles,The Kid Laroi,1,2022,4,2050,244741137,81,Major
Crown,Kendrick Lamar,1,2022,5,1493,42485571,170,Minor
Auntie Diaries,Kendrick Lamar,1,2022,5,1545,37778188,78,Major
PUFFIN ON ZOOTIEZ,Future,1,2022,4,2350,254218729,125,Major
Mirror,Kendrick Lamar,1,2022,5,1929,53603447,92,Minor
Beautiful Girl,Luciano,1,2022,4,710,160035717,140,Minor
"Paulo Londra: Bzrp Music Sessions, Vol. 23","Bizarrap, Paulo Londra",2,2022,4,928,164163229,96,Major
Savior - Interlude,Kendrick Lamar,1,2022,5,1194,37091576,118,Minor
Pasoori,"Shae Gill, Ali Sethi",2,2022,2,349,284249832,92,Minor
Mother I Sober (feat. Beth Gibbons of Portishead),"Kendrick Lamar, Beth Gibbons",2,2022,5,1890,33381454,140,Minor
TUS Lï¿½ï¿½GR,"Sech, Mora",2,2022,4,1308,184622518,174,Major
Where Did You Go?,"MNEK, Jax Jones",2,2022,1,4531,300983101,127,Major
I Tried to Tell Y'all,"Ugly Dray, Tesla Jnr",2,2022,5,1657,121077868,96,Major
Honest (feat. Don Toliver),"Justin Bieber, Don Toliver",2,2022,4,1351,106919680,150,Minor
ZOOM,Jessi,1,2022,4,608,136996305,100,Major
SloMo,Chanel,1,2021,12,1211,65719930,105,Minor
FEARLESS,LE SSERAFIM,1,2022,5,629,229497852,104,Major
10 Things I Hate About You,Leah Kate,1,2022,3,1301,185550869,154,Major
SPACE MAN,Sam Ryder,1,2022,2,1329,54682594,80,Major
With you,"HA SUNG WOON, Jimin",2,2022,4,343,240580042,150,Major
Iris,The Goo Goo Dolls,1,1998,3,13101,1284942608,156,Minor
The Heart Part 5,Kendrick Lamar,1,2022,5,2939,71423324,98,Minor
San Lucas,Kevin Kaarl,1,2019,11,407,244891912,92,Major
This Love (Taylorï¿½ï¿½ï¿½s Ve,Taylor Swift,1,2022,5,1492,132171975,144,Major
Good Looking,Suki Waterhouse,1,2017,10,2264,184706613,150,Major
Flowers,Lauren Spencer Smith,1,2021,8,801,184826429,138,Major
Yet To Come,BTS,1,2022,6,829,302006641,172,Major
Run BTS,BTS,1,2022,6,736,330881149,77,Major
Music For a Sushi Restaurant,Harry Styles,1,2022,5,4449,334733572,107,Major
Matilda,Harry Styles,1,2022,5,3218,366214458,114,Major
For Youth,BTS,1,2022,6,327,114546317,117,Major
Daylight,Harry Styles,1,2022,5,2775,290833204,146,Major
Vegas (From the Original Motion Picture Soundtrack ELVIS),Doja Cat,1,2022,5,4576,448500832,160,Minor
Cash In Cash Out,"Pharrell Williams, Tyler, The Creator, 21 Savage",4,2022,6,2313,136676504,120,Major
Potion (with Dua Lipa & Young Thug),"Calvin Harris, Dua Lipa, Young Thug",3,2022,5,3983,190625045,100,Minor
Born Singer,BTS,1,2022,6,279,79095270,158,Minor
Little Freak,Harry Styles,1,2022,5,2302,273194684,142,Major
La Llevo Al Cielo (Ft. ï¿½ï¿½engo F,"Nengo Flow, Anuel Aa, Chris Jedi, Chencho Corleone",4,2022,5,3559,333146475,170,Minor
True Love,"Kanye West, XXXTENTACION",2,2022,5,2129,194902696,84,Minor
Satellite,Harry Styles,1,2022,5,3291,311482393,139,Major
Pass The Dutchie,Musical Youth,1,1982,1,5328,195918494,151,Major
"Villano Antillano: Bzrp Music Sessions, Vol. 51","Bizarrap, Villano Antillano",2,2022,6,1401,248511839,128,Minor
Love Of My Life,Harry Styles,1,2022,5,1933,233671263,118,Major
Grapejuice,Harry Styles,1,2022,5,1986,199587884,183,Major
So Good,Halsey,1,2022,6,1057,91781263,83,Minor
Belly Dancer,"BYOR, Imanbek",2,2022,2,5115,383835984,122,Major
Keep Driving,Harry Styles,1,2022,5,2094,236060709,165,Major
Cinema,Harry Styles,1,2022,5,2171,189236868,106,Minor
Die Young (feat. 347aidan),"Sleepy hallow, 347aidan",2,2022,5,896,160845341,77,Major
Only Love Can Hurt Like This,Paloma Faith,1,2014,1,5148,588955257,91,Major
Hold My Hand,Lady Gaga,1,2022,5,2528,238350348,148,Major
Daydreaming,Harry Styles,1,2022,5,1900,187703102,114,Minor
Numb,"Marshmello, Khalid",2,2022,6,3879,295307001,120,Minor
Nos Comemos (feat. Ozuna),"Ozuna, Tiago pzk",2,2022,6,896,138334433,92,Major
Me and Your Mama,Childish Gambino,1,2016,11,8775,445590495,118,Major
Crazy What Love Can Do,"David Guetta, Ella Henderson, Becky Hill",3,2022,3,5290,286739476,123,Minor
SLOW DANCING IN THE DARK,Joji,1,2018,9,10211,1122364376,89,Major
Antes de Perderte,Duki,1,2022,6,584,157136970,110,Minor
Boyfriends,Harry Styles,1,2022,5,1517,137070925,118,Major
295,Sidhu Moose Wala,1,2021,5,246,183273246,90,Minor
Tak Ingin Usai,Keisya Levronka,1,2022,5,220,184807630,130,Major
En El Radio Un Cochinero,Victor Cibrian,1,2022,5,514,164856284,154,Minor
Master of Puppets (Remastered),Metallica,1,1986,3,6080,704171068,105,Minor
BREAK MY SOUL,Beyoncï¿,1,2022,6,9724,354614964,115,Minor
ULTRA SOLO REMIX,"De La Ghetto, Feid, Polima WestCoast, Paloma Mami, Pailita",5,2022,6,2341,279717388,110,Major
Massive,Drake,1,2022,6,5263,195628667,125,Minor
Betty (Get Money),Yung Gravy,1,2022,6,2402,221752937,102,Major
Ojos Marrones,Lasso,1,2022,2,795,263280370,120,Minor
POP!,Nayeon,1,2022,6,571,213505179,97,Major
Layla,"Schï¿½ï¿½rze, DJ R",2,2022,3,832,130419412,140,Minor
MORE,j-hope,1,2022,7,565,155795783,97,Major
Sweet Child O' Mine,Guns N' Roses,1,1987,1,41231,1553497987,125,Major
Last Last,Burna Boy,1,2022,5,4526,293466523,88,Minor
SNAP,Rosa Linn,1,2022,3,1818,711366595,170,Major
Sticky,Drake,1,2022,6,2814,191448892,137,Minor
Hot Shit (feat. Ye & Lil Durk),"Kanye West, Lil Durk, Cardi B",3,2022,7,1601,85924992,157,Major
Ai Preto,"L7nnon, DJ Biel do Furduncinho, Bianca",3,2022,6,894,176103902,130,Major
La Loto,"Anitta, Tini, Becky G",3,2022,7,945,121189256,90,Major
die first,Nessa Barrett,1,2022,6,767,131746175,183,Minor
Afraid To Feel,LF System,1,2022,5,5898,244790012,128,Major
Baile no Morro,"Mc Vitin Da Igrejinha, MC Tairon, DJ Win",3,2022,6,685,129314708,130,Minor
cï¿½ï¿½mo dormi,Rels B,1,2022,8,1452,331511413,126,Major
Bad Decisions (with BTS & Snoop Dogg),"Snoop Dogg, BTS, Benny Blanco",3,2022,8,1456,219196651,120,Major
STAYING ALIVE (feat. Drake & Lil Baby),"Drake, DJ Khaled, Lil Baby",3,2022,8,2107,170732845,130,Minor
Caile,Luar La L,1,2020,12,1494,273914335,122,Major
Si Te La Encuentras Por Ahï¿,Feid,1,2022,8,1379,179061440,172,Minor
GIVENCHY,Duki,1,2022,7,625,185236961,103,Major
ALIEN SUPERSTAR,Beyoncï¿,1,2022,7,2688,171788484,122,Minor
Mary On A Cross,Ghost,1,2019,9,2668,387080183,130,Major
Attention,NewJeans,1,2022,8,799,264717480,105,Minor
THE SHADE,Rex Orange County,1,2022,3,1189,244928911,120,Major
"Come Back Home - From ""Purple Hearts""",Sofia Carson,1,2022,7,367,97610446,145,Major
El Rescate,"Grupo Marca Registrada, Junior H",2,2022,7,527,287278853,99,Minor
Heartless,Kanye West,1,2008,1,17504,887906111,88,Minor
"Stay With Me (with Justin Timberlake, Halsey, & Pharrell)","Calvin Harris, Halsey, Pharrell Williams, Justin Timberlake",4,2022,7,3113,123473120,126,Major
Siempre Pendientes,"Peso Pluma, Luis R Conriquez",2,2022,8,685,295152154,136,Major
JGL,"Luis R Conriquez, La Adictiva",2,2022,2,782,323455692,113,Major
Don't You Worry,"David Guetta, Shakira, Black Eyed Peas",3,2022,6,2442,240918092,132,Major
Pipoco,"Melody, Ana Castela, Dj Chris No Beat",3,2022,5,1112,191873381,135,Major
Hold Me Closer,"Elton John, Britney Spears",2,2017,11,4967,284216603,126,Major
Forget Me,Lewis Capaldi,1,2022,9,2520,239411309,102,Minor
After LIKE,IVE,1,2022,8,767,265548837,125,Major
Bound 2,Kanye West,1,2013,1,19806,703301727,149,Major
B.O.T.A. (Baddest Of Them All) - Edit,"Interplanetary Criminal, Eliza Rose",2,2022,6,5153,244585109,137,Major
Talk that Talk,TWICE,1,2022,8,615,189476119,120,Minor
BILLIE EILISH.,Armani White,1,2022,1,2537,277132266,100,Major
Ferxxo 100,Feid,1,2022,6,1647,278920007,164,Minor
KU LO SA - A COLORS SHOW,Oxlade,1,2022,6,2019,222410722,93,Minor
Prohibidox,Feid,1,2022,9,1473,185392587,180,Minor
Static,Steve Lacy,1,2022,7,1613,202452860,79,Major
The Scientist,Coldplay,1,2002,8,30992,1608164312,146,Major
Sparks,Coldplay,1,2000,7,10826,624101957,103,Major
Talk,YEAT,1,2022,9,920,148461629,140,Minor
XQ Te Pones Asï¿,"Yandel, Feid",2,2022,9,308,47093942,92,Major
Selfish,PnB Rock,1,2016,6,2468,380319238,102,Minor
Sin Seï¿½ï,"Ovy On The Drums, Quevedo",2,2022,7,1097,209106362,118,Minor
Lady Mi Amor,Feid,1,2022,9,330,53987404,93,Major
Poland,Lil Yachty,1,2022,6,1584,115331792,150,Minor
THE LONELIEST,Mï¿½ï¿½ne,1,2022,10,1585,225093344,130,Major
Bye Bye,"Marshmello, Juice WRLD",2,2022,10,766,84697729,83,Minor
BABY OTAKU,"Fran C, Polima WestCoast, Nickoog Clk, Pablito Pesadilla",4,2022,8,836,159240673,102,Major
Nxde,(G)I-DLE,1,2022,10,430,170709584,136,Minor
Miss You,Southstar,1,1982,5,2020,154356956,145,Major
we fell in love in october,girl in red,1,2018,11,6858,723043854,130,Major
2 Be Loved (Am I Ready),Lizzo,1,2022,7,3682,247689123,156,Major
Celestial,Ed Sheeran,1,2022,9,1639,176474912,123,Major
Typa Girl,BLACKPINK,1,2022,9,452,235549288,132,Major
I Really Want to Stay at Your House,"Rosa Walton, Hallie Coggins",2,2020,12,668,140430339,125,Minor
California Breeze,Lil Baby,1,2022,10,991,85559365,162,Minor
Bamba (feat. Aitch & BIA),"Luciano, Aitch, Bï¿½",3,2022,9,869,146223492,138,Major
Casei Com a Putaria,"MC Ryan SP, Love Funk, Mc Paiva ZS",3,2022,7,648,187701588,161,Minor
Major Distribution,"Drake, 21 Savage",2,2022,11,1545,154863153,131,Minor
Pussy & Millions (feat. Travis Scott),"Drake, Travis Scott, 21 Savage",3,2022,11,1930,191333656,122,Minor
Vigilante Shit,Taylor Swift,1,2022,10,1948,253650850,80,Minor
Question...?,Taylor Swift,1,2022,10,1608,223064273,109,Major
On BS,"Drake, 21 Savage",2,2022,11,1338,170413877,158,Major
Mastermind,Taylor Swift,1,2022,10,1936,218320587,126,Major
Circo Loco,"Drake, 21 Savage",2,2022,11,1794,141720999,104,Major
Labyrinth,Taylor Swift,1,2022,10,1597,187339835,110,Major
Spin Bout U,"Drake, 21 Savage",2,2022,11,1652,198365537,130,Major
Sweet Nothing,Taylor Swift,1,2022,10,1747,186104310,177,Major
"Would've, Could've, Should've",Taylor Swift,1,2022,10,1715,177503916,158,Major
Con La Brisa,"Ludwig Goransson, Foudeqush",2,2022,11,486,71095708,114,Minor
Privileged Rappers,"Drake, 21 Savage",2,2022,11,1007,112436403,144,Major
The Astronaut,Jin,1,2022,10,481,203436468,125,Major
BackOutsideBoyz,Drake,1,2022,11,1045,93367537,142,Minor
Broke Boys,"Drake, 21 Savage",2,2022,11,1060,106249219,120,Major
The Great War,Taylor Swift,1,2022,10,1274,181382590,96,Major
My Mind & Me,Selena Gomez,1,2022,11,953,91473363,144,Major
Bigger Than The Whole Sky,Taylor Swift,1,2022,10,1180,121871870,166,Major
A Veces (feat. Feid),"Feid, Paulo Londra",2,2022,11,573,73513683,92,Major
En La De Ella,"Feid, Sech, Jhayco",3,2022,10,1320,133895612,97,Major
Alone,Burna Boy,1,2022,11,782,96007391,90,Minor
